target_word,clue_words,why_explanation,telugu_translation
"actually","in fact|in reality|the truth is","Used to correct or clarify something","వాస్తవానికి -> విషయాన్ని నిజంగా చెప్పడానికి లేదా తప్పును సరిచేసి స్పష్టత ఇవ్వడానికి ఈ పదం వాడతారు."
"although","even though|in spite of","Used to show contrast","అయినప్పటికీ -> రెండు విషయాలు భిన్నంగా ఉన్నా, రెండింటినీ ఒకే వాక్యంలో చూపించడానికి ఈ పదం వాడతారు."
"however","on the other hand|that said|even so","Used to introduce a contrasting idea","అయితే -> ముందు చెప్పిన విషయానికి భిన్నమైన ఆలోచనను తర్వాత చెప్పడానికి ఈ పదం ఉపయోగపడుతుంది."
"probably","maybe|perhaps|I guess","Used when something is likely","బహుశా -> ఏదైనా జరిగే అవకాశం ఎక్కువగా ఉందని, ఖచ్చితంగా తెలియదని చెప్పడానికి ఈ పదం వాడతారు."
"especially","in particular|above all|mainly","Used to emphasize one thing","ముఖ్యంగా -> విషయాల్లో ఒకదానిపై ప్రత్యేకంగా దృష్టి పెట్టి దాని ప్రాముఖ్యతను చూపించడానికి ఈ పదం వాడతారు."
"instead","rather than|in place of|as an alternative","Used when choosing one option over another","బదులుగా -> మరో పనికి బదులుగా వేరొకదాన్ని ఎంచుకున్నామని చెప్పడానికి ఈ పదం వాడతారు."
"usually","in general|as a rule|most days","Used for something that happens most of the time","సాధారణంగా -> ఒక పని తరచుగా జరుగుతుందని, ఎప్పుడూ కాదని చెప్పడానికి ఈ పదం వాడతారు."
"immediately","right away|at once|without delay","Used when something happens without delay","వెంటనే -> ఏదైనా పని ఆలస్యం లేకుండా వెంటనే జరుగుతుందని చెప్పడానికి ఈ పదం వాడతారు."
"unless","if not|except when|except if","Used to describe a condition","తప్ప -> ఒక నిర్దిష్ట షరతు నెరవేరితే తప్ప పని జరగదని తెలియజేయడానికి ఈ పదం వాడతారు."
"otherwise","or else|failing that","Used to describe what happens if something else doesn't happen","లేకపోతే -> పని జరగకపోతే ఏమి జరుగుతుందో చెప్పడానికి ఈ పదం వాడతారు."
